421.41,431.382,441.238,450.843,460.076,468.868,477.206,485.11,492.973,500.469,507.881,514.987,521.744,528.345,534.739,540.827,546.633,552.172,557.597,562.803,567.756
431.283,441.256,451.111,460.715,469.947,478.737,487.073,494.973,502.469,509.881,516.987,523.744,530.345,536.739,542.827,548.633,554.172,559.597,564.803,569.756,574.447
440.757,450.729,460.583,470.183,479.408,488.188,496.512,504.4,511.881,518.987,525.744,532.345,538.739,544.827,550.633,556.172,561.597,566.803,571.756,576.447,580.842
449.58,459.551,469.401,478.992,488.199,496.955,505.25,513.106,520.554,527.625,534.345,540.739,546.827,552.633,558.172,563.597,568.803,573.756,578.447,582.842,586.954
457.671,467.64,477.483,487.056,496.231,504.942,513.183,520.982,528.371,535.383,542.042,548.373,554.396,560.132,565.597,570.803,575.756,580.447,584.842,588.954,592.874
465.64,475.483,485.056,494.446,503.572,512.215,520.375,528.087,535.39,542.317,548.893,555.141,561.078,566.727,572.102,577.215,582.072,586.663,590.954,594.874,598.314
473.483,483.056,492.446,501.572,510.359,518.91,526.962,534.559,541.748,548.565,555.036,561.182,567.019,572.568,577.842,582.854,587.608,592.094,596.279,600.093,603.431
481.056,490.446,499.572,508.359,516.91,525.156,533.075,540.532,547.582,554.267,560.614,566.641,572.364,577.803,582.97,587.875,592.523,596.903,600.983,604.694,607.937
488.446,497.572,506.359,514.91,523.156,531.075,538.813,546.11,553.001,559.535,565.74,571.634,577.232,582.551,587.603,592.397,596.936,601.211,605.187,608.8,611.952
495.572,504.359,512.91,521.156,529.075,536.813,544.239,551.361,558.079,564.447,570.497,576.247,581.709,586.9,591.83,596.507,600.935,605.102,608.976,612.493,615.559
502.359,510.91,519.156,527.075,534.813,542.239,549.39,556.33,562.866,569.059,574.944,580.54,585.857,590.912,595.714,600.27,604.582,608.639,612.41,615.833,618.815
508.91,517.156,525.075,532.813,540.239,547.39,554.33,561.044,567.393,573.406,579.12,584.555,589.721,594.634,599.302,603.732,607.925,611.87,615.537,618.864,621.762
515.156,523.075,530.813,538.239,545.39,552.33,559.044,565.521,571.682,577.511,583.049,588.319,593.329,598.096,602.626,606.926,610.996,614.827,618.387,621.618,624.433
521.045,528.813,536.239,543.39,550.33,557.044,563.521,569.771,575.744,581.387,586.747,591.848,596.699,601.316,605.705,609.872,613.818,617.532,620.985,624.119,626.85
526.633,534.239,541.39,548.33,555.044,561.521,567.771,573.795,579.58,585.038,590.219,595.149,599.838,604.302,608.548,612.58,616.4,619.998,623.343,626.38,629.027
531.953,539.39,546.33,553.044,559.521,565.771,571.795,577.585,583.185,588.457,593.458,598.216,602.742,607.052,611.153,615.051,618.745,622.225,625.463,628.404,630.969
537.022,544.289,551.044,557.521,563.771,569.795,575.585,581.185,586.534,591.623,596.445,601.031,605.395,609.552,613.51,617.273,620.842,624.207,627.34,630.188,632.673
541.852,548.951,555.521,561.771,567.795,573.585,579.185,584.534,589.623,594.494,599.143,603.562,607.767,611.776,615.595,619.228,622.676,625.93,628.962,631.721,634.13
546.451,553.383,559.771,565.795,571.585,577.185,582.534,587.623,592.494,597.143,601.562,605.767,609.816,613.686,617.375,620.888,624.224,627.375,630.314,632.991,635.332
550.817,557.587,563.795,569.585,575.185,580.534,585.623,590.494,595.143,599.562,603.767,607.816,611.686,615.375,618.888,622.225,625.463,628.524,631.383,633.989,636.27
554.944,561.555,567.585,573.185,578.534,583.623,588.494,593.143,597.562,601.767,605.816,609.686,613.375,616.888,620.225,623.463,626.524,629.383,632.168,634.718,636.952
